Workbook
Name _B72100: #REF!
Name _CFO931: #REF!
Name _CIN1: #REF!
Name _CIN2: #REF!
Name _CVM1: #REF!
Name _CVM2: #REF!
Name _Fax1: #REF!
Name _RCL1: #REF!
Name _RCL2: #REF!
Name _Rue1: #REF!
Name aaaaaaaaaaaaaaaaaaaaaaaaaaa: !#REF!
Name aaaaaaaaaaaaaaaaaaaaaaaaaaaaaaaaaaaaaaaaaa: !#REF!
Name ac_presence: #REF!
Name accounts: #REF!
Name Airtel_Support_Engineer_No: #REF!
Name all_bat: #REF!
Name APAC_: #REF!
Name Area1: #REF!
Name Area10: #REF!
Name Area11: #REF!
Name Area12: #REF!
Name Area13: #REF!
Name Area14: #REF!
Name Area15: #REF!
Name Area16: #REF!
Name Area17: #REF!
Name Area18: #REF!
Name Area19: #REF!
Name Area2: #REF!
Name Area20: #REF!
Name Area21: #REF!
Name Area22: #REF!
Name Area23: #REF!
Name Area24: #REF!
Name Area25: #REF!
Name Area26: #REF!
Name Area27: #REF!
Name Area3: #REF!
Name Area4: #REF!
Name Area5: #REF!
Name Area6: #REF!
Name Area7: #REF!
Name Area8: #REF!
Name Area9: #REF!
Name AutoMemLock: #REF!
Name BASBSS: #REF!,#REF!,#REF!,#REF!,#REF!
Name BASBSSLEGU: #REF!,#REF!,#REF!,#REF!,#REF!
Name BaseMatrices: #REF!
Name BASNSS: #REF!,#REF!,#REF!,#REF!,#REF!
Name BASNSSLEGU: #REF!,#REF!,#REF!,#REF!,#REF!
Name batteries_HGBx: #REF!
Name Battery: #REF!
Name BD: #REF!
Name Bfact1: #REF!
Name Bfact2: #REF!
Name BL1_AOUT: #REF!
Name BL1_AVR: #REF!
Name BL1_DEC: #REF!
Name BL1_FEV: #REF!
Name BL1_JAN: #REF!

Sheet Summary
A2: no of sites | B2: ='KPIs par site'!A4 -> 443
A3: Genset fuel conso [L/y] --> | B3: ='KPIs par site'!J5 -> 1465148
A4: Genset fuel conso [L/m] --> | B4: ='KPIs par site'!J4 -> 122095.67
A5: PV Prodution [kWh/y]-> | B5: ='KPIs par site'!M5 -> 13710055
A6: PV Prodution [kWh/m]-> | B6: ='KPIs par site'!M4 -> 1142504.6
A7: Grid Purchase [kWh/y]--> | B7: ='KPIs par site'!N5 -> 15913782
A8: Grid Purchase [kWh/m]--> | B8: ='KPIs par site'!N4 -> 1326148.5
A9: Genset Production [kWh/y]--> | B9: ='KPIs par site'!O5 -> 3706776.3
A10: Genset Production [kWh/m]--> | B10: ='KPIs par site'!O4 -> 308898.02

Sheet KPIs par site
A4: =+SUBTOTAL(3,A7:A654) -> 443 | J4: =J5/12 -> 122095.67 | L4: =L5/12 -> 28474.417 | M4: =M5/12 -> 1142504.6 | N4: =N5/12 -> 1326148.5 | O4: =O5/12 -> 308898.02
J5: =SUBTOTAL(9,J7:J449) -> 1465148 | K5: =SUBTOTAL(9,K7:K449) -> 122095.67 | L5: =SUBTOTAL(9,L7:L449) -> 341693 | M5: =SUBTOTAL(9,M7:M449) -> 13710055 | N5: =SUBTOTAL(9,N7:N449) -> 15913782 | O5: =SUBTOTAL(9,O7:O449) -> 3706776.3
A6: Site ID | B6: Site Name | C6: Statut Facturation | D6: Batch opérationnel | E6: Configuration | F6: Zone | G6: typo | H6: Load (load reelle used) | J6: Genset fuel conso [L/y] --> | L6: Genset running time [hrs/yr] --> | M6: PV Prodution [kWh/y]-> | N6: Grid Purchase [kWh/y]--> | O6: Genset Production [kWh/y]-->
A7: THS_0046 | B7: AUTOROUTE_AIBD | C7: Oui | D7: 2672 sites | E7: Outdoor | F7: zone 1 | G7: A_Ax_S6 | H7: 3000 | J7: 3488 | K7: =J7/12 -> 290.66667 | L7: 664 | M7: 41967 | N7: 0 | O7: 9737
A8: DKR_0047 | B8: AUTOROUTE_CICAD01 | C8: Oui | D8: 2672 sites | E8: Outdoor | F8: zone 1 | G8: A_Ax_S2 | H8: 4000 | J8: 10189 | K8: =J8/12 -> 849.08333 | L8: 1667 | M8: 16411 | N8: 0 | O8: 26062
A9: THS_0051 | B9: AUTOROUTE_KIRENE | C9: Oui | D9: 2672 sites | E9: Outdoor | F9: zone 1 | G9: A_Ax_S6 | H9: 3500 | J9: 2649 | K9: =J9/12 -> 220.75 | L9: 529 | M9: 41967 | N9: 0 | O9: 6292
A10: DKR_0053 | B10: AUTOROUTE_PEAGE01 | C10: Oui | D10: 2672 sites | E10: Outdoor | F10: zone 1 | G10: A_Ax_S6 | H10: 3500 | J10: 2483 | K10: =J10/12 -> 206.91667 | L10: 492 | M10: 41967 | N10: 0 | O10: 6791
A11: DKR_0059 | B11: AUTOROUTE_PEAGE08 | C11: Oui | D11: 2672 sites | E11: Outdoor | F11: zone 1 | G11: A_Ax_S6 | H11: 3000 | J11: 3740 | K11: =J11/12 -> 311.66667 | L11: 716 | M11: 41967 | N11: 0 | O11: 9026
A12: DKR_0060 | B12: AUTOROUTE_PEAGE09 | C12: Oui | D12: 2672 sites | E12: Outdoor | F12: zone 1 | G12: A_Ax_S6 | H12: 3500 | J12: 2483 | K12: =J12/12 -> 206.91667 | L12: 492 | M12: 41967 | N12: 0 | O12: 6791
A13: DKR_0061 | B13: AUTOROUTE_PEAGE10 | C13: Oui | D13: 2672 sites | E13: Outdoor | F13: zone 1 | G13: A_Ax_S6 | H13: 3500 | J13: 2483 | K13: =J13/12 -> 206.91667 | L13: 492 | M13: 41967 | N13: 0 | O13: 6791
A14: KLK_2292 | B14: THICATTDIERY | C14: Oui | D14: 2672 sites | E14: Outdoor | F14: zone 1 | G14: A_Ax_S8 | H14: 3000 | J14: 2957 | K14: =J14/12 -> 246.41667 | L14: 553 | M14: 54703 | N14: 0 | O14: 7457
A15: DBL_0069 | B15: BACCO_SERERE | C15: Oui | D15: 2672 sites | E15: Outdoor | F15: zone 1 | G15: A_Ax_S6 | H15: 4000 | J15: 4397 | K15: =J15/12 -> 366.41667 | L15: 820 | M15: 41967 | N15: 0 | O15: 10701
A16: KLK_0071 | B16: BACK_SAMBA_DIOR | C16: Oui | D16: 2672 sites | E16: Outdoor | F16: zone 1 | G16: A_Ax_S6 | H16: 4000 | J16: 3939 | K16: =J16/12 -> 328.25 | L16: 711 | M16: 41967 | N16: 0 | O16: 11275
A17: MBR_0072 | B17: BADD | C17: Oui | D17: 2672 sites | E17: Outdoor | F17: zone 1 | G17: A_Ax_S6 | H17: 3500 | J17: 2483 | K17: =J17/12 -> 206.91667 | L17: 492 | M17: 41967 | N17: 0 | O17: 6791
A18: ZIG_2247 | B18: TENDIMANE | C18: Oui | D18: 2672 sites | E18: Outdoor | F18: zone 4 | G18: A_Ax_S6 | H18: 1500 | J18: 1272 | K18: =J18/12 -> 106 | L18: 351 | M18: 40792 | N18: 0 | O18: 2456
... A449: KDG_2753 | B449: TINKOTO_TANDA03 | C449: Non | D449: OG26 | E449: Outdoor | F449: zone 3 | G449: A_Ax_S6 | H449: 4000 | J449: 3607 | K449: =J449/12 -> 300.58333 | L449: 588 | M449: 43331 | N449: 0 | O449: 10396

Sheet IS Assumptions
B2: DC outdoor load | C2: Additional load cooling | D2: round up
B3: 250 | C3: 400 | D3: =CEILING(B3+C3,500) -> 1000
B4: 500 | C4: 400 | D4: =CEILING(B4+C4,500) -> 1000
B5: 750 | C5: 400 | D5: =CEILING(B5+C5,500) -> 1500
B6: 1000 | C6: 400 | D6: =CEILING(B6+C6,500) -> 1500
B7: 1250 | C7: 400 | D7: =CEILING(B7+C7,500) -> 2000
B8: 1500 | C8: 400 | D8: =CEILING(B8+C8,500) -> 2000
B9: 1750 | C9: 400 | D9: =CEILING(B9+C9,500) -> 2500
B10: 2000 | C10: 400 | D10: =CEILING(B10+C10,500) -> 2500
B11: 2250 | C11: 400 | D11: =CEILING(B11+C11,500) -> 3000
B12: 2500 | C12: 400 | D12: =CEILING(B12+C12,500) -> 3000
B13: 3000 | C13: 400 | D13: =CEILING(B13+C13,500) -> 3500
B14: 3500 | C14: 400 | D14: =CEILING(B14+C14,500) -> 4000
... B43: 34000 | C43: 3000 | D43: =CEILING(B43+C43,500) -> 37000

Sheet Listes
A1: A_Ax_HGB | B1: 250 | C1: P2 | D1: Sites activation | E1: Oui
A2: A_Ax_S1 | B2: 500 | C2: P3 | D2: OG23 | E2: Non
A3: A_Ax_S2 | B3: 750 | C3: P4 | D3: OG24
A4: A_Ax_S3 | B4: 1000 | C4: P5 | D4: OG25
A5: A_Ax_S4 | B5: 1250 | D5: OG26
A6: A_Ax_S5 | B6: 1500 | D6: OG27
A7: A_Ax_S6 | B7: 1750 | D7: OG28
A8: A_Ax_S7 | B8: 2000 | D8: OG29
A9: A_Ax_S8 | B9: 2250 | D9: OG30
A10: A_Ax_S9 | B10: 2500 | D10: OG31
A11: A_Ax_S10 | B11: 2750 | D11: OG32
A12: A_Ax_PS | B12: 3000 | D12: OG33
A13: A_Ax_GG GE | B13: 3500 | D13: OG34
A14: A_Ax_GG S0 GE | B14: 4000 | D14: OG35
A15: A_Ax_GG S1 GE | B15: 4500
A16: A_Ax_GG S2 GE | B16: 5000
A17: A_Ax_GG S3 GE | B17: 5500
A18: A_Ax_GG | B18: 6000
A19: A_Ax_GG S0 | B19: 6500
A20: A_Ax_GG S1 | B20: 7000
A21: A_Ax_GG S2 | B21: 7500
A22: A_Ax_GG S3 | B22: 8000
A23: A_Ax_MG GE | B23: 8500
A24: A_Ax_MG S0 GE | B24: 9000
A25: A_Ax_MG S1 GE | B25: 10500
A26: A_Ax_BG GE | B26: 11000
... A49: D2_S8 | B49: 40000
A50: D2_PS
A51: D2_GG GE
A52: D2_GG S0 GE
A53: D2_GG S1 GE
A54: D2_GG S2 GE
A55: D2_GG S3 GE
A56: D2_GG
A57: D2_GG S0
A58: D2_GG S1
A59: D2_GG S2
A60: D2_GG S3
A61: E1_E2_GG GE
... A70: E1_E2_GG S3
